BEGIN TRANSACTION;
CREATE TABLE "warehouse" (
	`id`	INTEGER NOT NULL PRIMARY KEY AUTOINCREMENT,
	`name`	TEXT NOT NULL,
	`price`	TEXT,
	`color`	TEXT,
	`style`	INTEGER,
	`characteristic`	TEXT,
	`repertory`	INTEGER,
	`thumbnail`	TEXT NOT NULL,
	`cycle`	TEXT,
	`hot`	INTEGER DEFAULT 0,
	`sell`	INTEGER DEFAULT 0
);
INSERT INTO `warehouse` (id,name,price,color,style,characteristic,repertory,thumbnail,cycle,hot,sell) VALUES (1,'BLACK','15K','BLACK',1,NULL,200,'OM196A.png','15~20',0,0),
 (2,'SULPHUR','16k','SULPHUR',1,NULL,100,'OM196B.png','15~20',0,0),
 (3,'NAVY','17K','NAVY',1,NULL,130,'OM196C.png','15~20',0,0),
 (4,'RED','20K','RED',1,NULL,30,'OM196D.png','25~30',0,0),
 (5,'FOREST','15K','FOREST',2,NULL,300,'OM197A.png','10~12',0,0),
 (6,'BLACK','11K','BLACK',2,NULL,220,'OM197B.png','10~12',0,0),
 (7,'DARK RED','14K','DARK RED',2,NULL,180,'OM197C.png','15~20',0,0),
 (8,'BLUE','10K','BLUE',2,NULL,200,'OM197D.png','25~31',0,0),
 (9,'NAVY','10K','NAVY',3,NULL,330,'OM198A.png','10~15',0,0),
 (10,'BLUE','11K','BLUE',3,NULL,280,'OM198B.png','10~15',0,0),
 (11,'SULPHUR','13K','SULPHUR',3,NULL,110,'OM198C.png','15~25',0,0),
 (12,'BLACK','15K','BLACK',3,NULL,40,'OM198D.png','20~25',0,0),
 (13,'GRAY MELANGE','10K','GRAY MELANGE',4,NULL,165,'OM199A.png','10~12',0,0),
 (14,'DENIM','10K','DENIM',4,NULL,223,'OM199B.png','10~15',0,0),
 (15,'WASHED BLACK','10K','WASHED BLACK',4,NULL,140,'OM199C.png','15~20',0,0),
 (16,'WASHED OLIVE','10K','WASHED OLIVE',4,NULL,30,'OM199D.png','60~65',0,0),
 (17,'BLUE','10K','BLUE',5,NULL,400,'OM200A.png','5~10',0,0),
 (18,'GRAY MELANGE','10K','GRAY MELANGE',5,NULL,180,'OM200B.png','5~10',0,0),
 (19,'SULPHUR','10K','SULPHUR',5,NULL,200,'OM200C.png','10~15',0,0),
 (20,'NO SIGNAL','10K','NO SIGNAL',5,NULL,300,'OM200D.png','10~15',0,0),
 (21,'EIKI','10K','EIKI',5,NULL,130,'OM200E.png','5~10',0,0),
 (22,'HEATER ROSEWOOD','10K','HEATER ROSEWOOD',6,NULL,200,'OM201A.png','5~10',0,0),
 (23,'HEATER NAVY','10K','HEATER NAVY',6,NULL,220,'OM201B.png','5~10',0,0),
 (24,'BLUE','10K','BLUE',6,NULL,120,'OM201C.png','10~15',0,0),
 (25,'LIME','10K','LIME',6,NULL,190,'OM201D.png','5~10',0,0),
 (26,'BLACK','10K','BLACK',6,NULL,120,'OM201E.png','5~5',0,0),
 (27,'HEATHER ROSEWOOD','5K','HEATHER ROSEWOOD',7,NULL,190,'OM202A.png','0~5',0,0),
 (28,'GRIDLINES','6K','GRIDLINES',7,NULL,10,'OM202B.png','0~5',0,0),
 (29,'HEATHER NAVY','8K','HEATHER NAVY',7,NULL,89,'OM202C.png','0~5',0,0),
 (30,'CAMO','10K','CAMO',7,NULL,260,'OM202D.png','0~5',0,0),
 (31,'CAMO','10K','CAMO',8,NULL,200,'OM203A.png','5~10',0,0),
 (32,'HEATHER NAVY','5K','HEATHER NAVY',8,NULL,130,'OM203B.png','5~10',0,0),
 (33,'GRAY MELANGE','6K','GRAY MELANGE',8,NULL,140,'OM203C.png','0~5',0,0),
 (34,'NO SIGNAL','5K','NO SIGNAL',8,NULL,100,'OM203D.png','0~5',0,0),
 (35,'BLACK','10K','BLACK',9,NULL,200,'OM204A.png','0~5',0,0),
 (36,'HEATHER BLUE','10K','HEATHER BLUE',9,NULL,210,'OM204B.png','0~5',0,0),
 (37,'LIME','10K','LIME',9,NULL,200,'OM204C.png','5~10',0,0),
 (38,'HEATHER ROSEWOOD','10K','HEATHER ROSEWOOD',9,NULL,190,'OM204D.png','5~10',0,0),
 (39,'BLUE','5K','BLUE',9,'',190,'OM204E.png','0~5',0,0),
 (40,'GRIDLINES','5K','GRIDLINES',10,'',200,'OM206A.png','0~5',0,0),
 (41,'LIME','5K','LIME',10,'',82,'OM206B.png','5~10',0,0),
 (42,'BLACK','5K','BLACK',10,'',0,'OM206C.png','5~10',0,0),
 (43,'BLUE','5K','BLUE',10,'',90,'OM206D.png','0~5',0,0),
 (44,'HEATHER NAVY','5K','HEATHER NAVY',10,NULL,100,'OM206E.png','0~5',0,0),
 (45,'BLACK','10K','BLACK',11,'',130,'OM207A.png','5~10',0,0),
 (46,'SULPHUR','11K','SULPHUR',11,'',150,'OM207B.png','5~10',0,0),
 (47,'BLUE','15K','BLUE',11,'',160,'OM207C.png','5~20',0,0),
 (48,'RED','14K','RED',11,'',80,'OM207D.png','5~10',0,0),
 (49,'FOREST','15K','FOREST',11,'',90,'OM207E.png','10~15',0,0),
 (50,'BLACK','10K','BLACK',12,'',110,'OM208A.png','0~5',0,0),
 (51,'LIME','10K','LIME',12,NULL,80,'OM208B.png','0~5',0,0),
 (52,'HEATHER ROSEWOOD','10K','HEATHER ROSEWOOD',12,'',140,'OM208C.png','5~10',0,0),
 (53,'BLUE','10K','BLUE',12,'',105,'OM208D.png','5~10',0,0),
 (54,'HEATHER NAVY','10K','HEATHER NAVY',12,'',90,'OM208E.png','0~5',0,0),
 (55,'WASHED OLIVE','10K','WASHED OLIVE',12,'',190,'OM208F.png','0~5',0,0),
 (56,'GRAY MELANGE','10K','GRAY MELANGE',13,'',200,'OM209A.png','0~5',0,0),
 (57,'BLUE','10K','BLUE',13,'',139,'OM209B.png','0~5',0,0),
 (58,'DENIM','10K','DENIM',13,'',158,'OM209C.png','0~5',0,0),
 (59,'EIKI','10K','EIKI',13,'',254,'OM209D.png','0~5',0,0),
 (60,'DARK RED','10K','DARK RED',13,'',115,'OM209E.png','0~5',0,0),
 (61,'CUMIN','10K','CUMIN',13,'',160,'OM209F.png','5~10',0,0),
 (62,'BLACK','10K','BLACK',13,'',195,'OM209G.png','5~10',0,0),
 (63,'BLACK','5K','BLACK',14,'',200,'OM210A.png','5~10',0,0),
 (64,'BLUE','7K','BLUE',14,'',183,'OM210B.png','5~10',0,0),
 (65,'CAMO','9K','CAMO',14,'',95,'OM210C.png','10~15',0,0),
 (66,'YELLOW','10K','YELLOW',14,'',9,'OM210D.png','15~20',0,0),
 (67,'HEATHER NAVY','10K','HEATHER NAVY',14,'',128,'OM210E.png','15~20',0,0),
 (68,'WOOD','5K','WOOD',14,'',58,'OM210F.png','0~5',0,0),
 (69,'HEATHER NAVY','5K','HEATHER NAVY',15,'',200,'OM211A.png','0~5',0,0),
 (70,'BLUE','5K','BLUE',15,'',170,'OM211B.png','0~5',0,0),
 (71,'HEATHER ROSEWOOD','5K','HEATHER ROSEWOOD',15,'',221,'OM211C.png','0~5',0,0),
 (72,'LIME','5K','LIME',15,'',280,'OM211D.png','5~10',0,0),
 (73,'WOOD','5K','WOOD',15,'',156,'OM211E.png','5~10',0,0),
 (74,'BLACK','5K','BLACK',15,'',88,'OM211F.png','0~5',0,0),
 (75,'GREEM','5K','GREEN',15,'',44,'OM211G.png','0~5',0,0);
CREATE TABLE `type` (
	`id`	INTEGER PRIMARY KEY AUTOINCREMENT,
	`name`	TEXT NOT NULL
);
INSERT INTO `type` (id,name) VALUES (1,'上衣'),
 (2,'裤子'),
 (3,'T-恤');
CREATE TABLE "style" (
	`id`	INTEGER PRIMARY KEY AUTOINCREMENT,
	`name`	TEXT NOT NULL UNIQUE,
	`type`	INTEGER,
	`representative`	INTEGER,
	`colors`	TEXT,
	`describe`	TEXT,
	`interval`	TEXT
);
INSERT INTO `style` (id,name,type,representative,colors,describe,interval) VALUES (1,'NELSON',1,'OM196A.png','black,yello,blue,red','FIT: REGULAR
100% MECHANICAL STRETCH NYLON
WATER REPELLENT LAMINATED MEMBRANE
OUTER DURABLE WATER REPELLENT TREATMENT
INSULATION: NONE
LINING: 100% NYLON BRUSHED TRICOT
LIFT-PASS SLEEVE POCKET
ONE HAND HOOD ADJUSTMENT
ADJUSTABLE BOTTOM HEM
FLEECE POCKET LINING
JACKET-PANT CONNECTORS
AUDIO POCKET
ELASTIC SNOWSKIRT WITH NON-SLIP BAND
ELASTIC INNER SLEEVE CUFFS
ADJUSTABLE SLEEVE CUFFS WITH VELCRO CLOSURE
CHINGUARD WITH BRUSHED FLEECE
THREADS BY COATS
YKK ZIPPERS
VENTS WITH MESH BACKING
FULLY TAPED SEAMS','15K/20K'),
 (2,'SIMON',1,'OM197A.png','gree,black,black,blue','FIT: REGULAR
100% MECHANICAL STRETCH NYLON
WATER REPELLENT LAMINATED MEMBRANE
OUTER DURABLE WATER REPELLENT TREATMENT
INSULATION: PRIMALOFT SILVER (40 G BODY, 40 G SLEEVES)
LINING: 100% POLYESTER MESH, 100% NYLON TAFFETA
MULTIPURPOSE INTERIOR POCKET
LIFT-PASS SLEEVE POCKET
ADJUSTABLE BOTTOM HEM
FLEECE POCKET LINING
JACKET-PANT CONNECTORS
AUDIO POCKET WITH TOUCH-FRIENDLY TRANSPARENT WINDOW
ELASTIC SNOWSKIRT WITH NON-SLIP BAND
ELASTIC INNER SLEEVE CUFFS
ADJUSTABLE SLEEVE CUFFS WITH VELCRO CLOSURE
CHINGUARD WITH BRUSHED FLEECE
THREADS BY COATS
ERGONOMIC INTERIOR MESH PANEL
ONE HAND HOOD ADJUSTMENT
YKK ZIPPERS
VENTS WITH MESH BACKING
FULLY TAPED SEAMS','10K/15K'),
 (3,'CARNES',1,'OM198A.png','blue,blue,yellow,black','FIT: REGULAR
100% MECHANICAL STRETCH NYLON
WATER REPELLENT LAMINATED MEMBRANE
OUTER DURABLE WATER REPELLENT TREATMENT
INSULATION: PRIMALOFT SILVER (40 G BODY, 40 G SLEEVES)
LINING: 100% POLYESTER MESH, 100% NYLON TAFFETA
MULTIPURPOSE INTERIOR POCKET
LIFT-PASS SLEEVE POCKET
ADJUSTABLE BOTTOM HEM
FLEECE POCKET LINING
JACKET-PANT CONNECTORS
AUDIO POCKET WITH TOUCH-FRIENDLY TRANSPARENT WINDOW
ELASTIC SNOWSKIRT WITH NON-SLIP BAND
ELASTIC INNER SLEEVE CUFFS
ADJUSTABLE SLEEVE CUFFS WITH VELCRO CLOSURE
CHINGUARD WITH BRUSHED FLEECE
THREADS BY COATS
ERGONOMIC INTERIOR MESH PANEL
ONE HAND HOOD ADJUSTMENT
YKK ZIPPERS
VENTS WITH MESH BACKING
FULLY TAPED SEAMS','10K/15K'),
 (4,'DAWSON',1,'OM199A.png','black,green','FIT: REGULAR LONG
100% POLYESTER (GRAY MELANGE, DENIM) / 100% NYLON (WASHED BLACK, WASHED OLIVE)
WATER REPELLENT LAMINATED MEMBRANE
OUTER DURABLE WATER REPELLENT TREATMENT
INSULATION: OPTIMAL (80 G BODY, 60 G SLEEVES)
LINING: 100% POLYESTER MESH, 100% NYLON TAFFETA
MULTIPURPOSE INTERIOR POCKET
LIFT-PASS SLEEVE POCKET
ADJUSTABLE BOTTOM HEM
FLEECE POCKET LINING
JACKET-PANT CONNECTORS
AUDIO POCKET WITH TOUCH-FRIENDLY TRANSPARENT WINDOW
ELASTIC SNOWSKIRT WITH NON-SLIP BAND
ELASTIC INNER SLEEVE CUFFS
ADJUSTABLE SLEEVE CUFFS WITH VELCRO CLOSURE
CHINGUARD WITH BRUSHED FLEECE
THREADS BY COATS
ERGONOMIC INTERIOR MESH PANEL
ONE HAND HOOD ADJUSTMENT
YKK ZIPPERS
VENTS WITH MESH BACKING
FULLY TAPED SEAMS','10K/10K'),
 (5,'BAKER',1,'OM200A.png','blue,yark,green,black,rondye','FIT: REGULAR
100% NYLON, 100% POLYESTER (NO SIGNAL)
WATER REPELLENT LAMINATED MEMBRANE
OUTER DURABLE WATER REPELLENT TREATMENT
INSULATION: Primaloft Black (60 G BODY, 60 G SLEEVES)
LINING: 100% POLYESTER MESH, 100% NYLON TAFFETA
MULTIPURPOSE INTERIOR POCKET
LIFT-PASS SLEEVE POCKET
ADJUSTABLE BOTTOM HEM
FLEECE POCKET LINING
JACKET-PANT CONNECTORS
AUDIO POCKET WITH TOUCH-FRIENDLY TRANSPARENT WINDOW
ELASTIC SNOWSKIRT WITH NON-SLIP BAND
ELASTIC INNER SLEEVE CUFFS
ADJUSTABLE SLEEVE CUFFS WITH VELCRO CLOSURE
CHINGUARD WITH BRUSHED FLEECE
THREADS BY COATS
ERGONOMIC INTERIOR MESH PANEL
ONE HAND HOOD ADJUSTMENT
YKK ZIPPERS
VENTS WITH MESH BACKING
CRITICALLY TAPED SEAMS','10k/10K'),
 (6,'COOPER',1,'OM201A.png','zong,linkBlue,blue,yellow,lan','FIT: REGULAR
100% POLYESTER
WATER REPELLENT LAMINATED MEMBRANE
OUTER DURABLE WATER REPELLENT TREATMENT
INSULATION: Optimal (80 G BODY, 60 G SLEEVES)
LINING: 100% POLYESTER MESH, 100% NYLON TAFFETA
LIFT-PASS SLEEVE POCKET
ADJUSTABLE BOTTOM HEM
FLEECE POCKET LINING
JACKET-PANT CONNECTORS
AUDIO POCKET WITH TOUCH-FRIENDLY TRANSPARENT WINDOW
ELASTIC SNOWSKIRT WITH NON-SLIP BAND
ELASTIC INNER SLEEVE CUFFS
ADJUSTABLE SLEEVE CUFFS WITH VELCRO CLOSURE
CHINGUARD WITH BRUSHED FLEECE
THREADS BY COATS
ERGONOMIC INTERIOR MESH PANEL
ONE HAND HOOD ADJUSTMENT
YKK ZIPPERS
VENTS WITH MESH BACKING
CRITICALLY TAPED SEAMS','10K/10K'),
 (7,'MOORE',1,'OM202A.png','zhong,lan,shenlan,sanzhongyanse','FIT: REGULAR LONG
100% POLYESTER
WATER REPELLENT LAMINATED MEMBRANE
OUTER DURABLE WATER REPELLENT TREATMENT
INSULATION: OPTIMAL (80 G BODY, 60 G SLEEVES)
LINING: 100% NYLON TAFFETA
LIFT-PASS SLEEVE POCKET
ADJUSTABLE BOTTOM HEM
FLEECE POCKET LINING
JACKET-PANT CONNECTORS
AUDIO POCKET
ELASTIC SNOWSKIRT WITH NON-SLIP BAND
ELASTIC INNER SLEEVE CUFFS
ADJUSTABLE SLEEVE CUFFS WITH VELCRO CLOSURE
CHINGUARD WITH BRUSHED FLEECE
THREADS BY COATS
ERGONOMIC INTERIOR MESH PANEL
ONE HAND HOOD ADJUSTMENT
YKK ZIPPERS
VENTS WITH MESH BACKING
CRITICALLY TAPED SEAMS','5K/10K'),
 (8,'RATZ',1,'OM203A.png','sanzhongyanse,lan,hui,black','FIT: REGULAR
100% POLYESTER
WATER REPELLENT LAMINATED MEMBRANE
OUTER DURABLE WATER REPELLENT TREATMENT
INSULATION: Optimal (80 G BODY, 60 G SLEEVES)
LINING: 100% NYLON TAFFETA
LIFT-PASS SLEEVE POCKET
FLEECE POCKET LINING
JACKET-PANT CONNECTORS
AUDIO POCKET
ELASTIC SNOWSKIRT WITH NON-SLIP BAND
ADJUSTABLE SLEEVE CUFFS WITH VELCRO CLOSURE
ELASTIC INNER SLEEVE CUFFS
CHINGUARD WITH BRUSHED FLEECE
THREADS BY COATS
ONE HAND HOOD ADJUSTMENT
VENTS WITH MESH BACKING
YKK ZIPPERS
CRITICALLY TAPED SEAMS','5K/10K'),
 (9,'MEAGER',1,'OM204A.png','hei,lan,huang,zhong,lan','FIT: REGULAR
100% POLYESTER
WATER REPELLENT LAMINATED MEMBRANE
OUTER DURABLE WATER REPELLENT TREATMENT
INSULATION: OPTIMAL (80 G BODY, 60 G SLEEVES)
LINING: 100% NYLON TAFFETA
LIFT-PASS SLEEVE POCKET
ADJUSTABLE BOTTOM HEM
FLEECE POCKET LINING
JACKET-PANT CONNECTORS
AUDIO POCKET
ELASTIC SNOWSKIRT WITH NON-SLIP BAND
ADJUSTABLE SLEEVE CUFFS WITH VELCRO CLOSURE
CHINGUARD WITH BRUSHED FLEECE
THREADS BY COATS
ONE HAND HOOD ADJUSTMENT
YKK ZIPPERS
CRITICALLY TAPED SEAMS','5K/10K'),
 (10,'CAYLEY',1,'OM206A.png','zhong,huang,hei,lan,shenlan','FIT: REGULAR
100% POLYESTER
WATER REPELLENT LAMINATED MEMBRANE
OUTER DURABLE WATER REPELLENT TREATMENT
INSULATION: OPTIMAL (80 G BODY, 60 G SLEEVES)
LINING: 100% NYLON TAFFETA
ADJUSTABLE BOTTOM HEM
FLEECE POCKET LINING
JACKET-PANT CONNECTORS
AUDIO POCKET
ELASTIC SNOWSKIRT WITH NON-SLIP BAND
ADJUSTABLE SLEEVE CUFFS WITH VELCRO CLOSURE
CHINGUARD WITH BRUSHED FLEECE
THREADS BY COATS
ONE HAND HOOD ADJUSTMENT
YKK ZIPPERS
CRITICALLY TAPED SEAMS','5K/5K'),
 (11,'MAJESTIC',2,'OM207A.png','hei,lv,lan,hong,shenglv','FIT: REGULAR
100% MECHANICAL STRETCH NYLON
WATER REPELLENT LAMINATED MEMBRANE
OUTER DURABLE WATER REPELLENT TREATMENT
INSULATION: NONE
LINING: 100% POLYESTER MESH, 100% NYLON TAFFETA
FLEECE POCKET LINING
JACKET-PANT CONNECTORS
PANT LEG GUSSET WITH ZIP CLOSURE
DETACHABLE SNOWSKIRT
INNER WAISTBELT ADJUSTING SYSTEM
ELASTIC SNOW GAITERS WITH BOOT HOOK
CORDURA REINFORCED HEEL PROTECTION
REINFORCED FLY CLOSURE','10K/15K'),
 (12,'TASEKO',2,'OM208A.png','hei,lve,zhong,lan,shenglan,shenlv','FIT: RELAXED
100% POLYESTER / 100% NYLON (WASHED OLIVE)
WATER REPELLENT LAMINATED MEMBRANE
OUTER DURABLE WATER REPELLENT TREATMENT
INSULATION: NONE
LINING: 100% POLYESTER MESH, 100% NYLON TAFFETA
FLEECE POCKET LINING
JACKET-PANT CONNECTORS
PANT LEG GUSSET WITH ZIP CLOSURE
INNER WAISTBELT ADJUSTING SYSTEM
ELASTIC SNOW GAITERS WITH BOOT HOOK
CORDURA REINFORCED HEEL PROTECTION
REINFORCED FLY CLOSURE','10K/10K'),
 (13,'CRONUS',2,'OM209A.png','hui,lan,zhong,liangzhong,hei,zhong,hei','FIT: SLIM
100% NYLON / 100% POLYESTER (DENIM, GRAY MELANGE)
WATER REPELLENT LAMINATED MEMBRANE
OUTER DURABLE WATER REPELLENT TREATMENT
INSULATION: NONE
LINING: 100% POLYESTER MESH
FLEECE POCKET LINING
JACKET-PANT CONNECTORS
PANT LEG GUSSET WITH ZIP CLOSURE
INNER WAISTBELT ADJUSTING SYSTEM
ELASTIC SNOW GAITERS WITH BOOT HOOK
CORDURA REINFORCED HEEL PROTECTION
REINFORCED FLY CLOSURE','10K/10K'),
 (14,'STEWART',2,'OM210A.png','hei,lan,sanzhongyanse,shenzhong,lan,shenglv','FIT: RELAXED
100% POLYESTER
WATER REPELLENT LAMINATED MEMBRANE
OUTER DURABLE WATER REPELLENT TREATMENT
INSULATION: OPTIMAL (40 G)
LINING: 100% NYLON TAFFETA
FLEECE POCKET LINING
JACKET-PANT CONNECTORS
PANT LEG GUSSET WITH ZIP CLOSURE
ELASTIC SNOW GAITERS WITH BOOT HOOK
REINFORCED FLY CLOSURE','5K/10K'),
 (15,'RAE',2,'OM211A.png','shenglan,qianlan,zhong,huang,shencheng,molan,lv','FIT: SLIM
100% POLYESTER
WATER REPELLENT LAMINATED MEMBRANE
OUTER DURABLE WATER REPELLENT TREATMENT
INSULATION: 40 G
LINING: 100% NYLON TAFFETA
FLEECE POCKET LINING
JACKET-PANT CONNECTORS
PANT LEG GUSSET WITH ZIP CLOSURE
ELASTIC SNOW GAITERS WITH BOOT HOOK
REINFORCED FLY CLOSURE','5K/5K');
CREATE TABLE `allocation` (
	`id`	INTEGER PRIMARY KEY AUTOINCREMENT,
	`name`	TEXT,
	`color`	TEXT,
	`repertory`	INTEGER,
	`thumbnail`	TEXT
);
COMMIT;
